<?xml version='1.0'?>
<schema>
	<tables>
		<table>
			<name>vtiger_instructions</name>
			<sql><![CDATA[CREATE TABLE `vtiger_instructions` (
  `instructionsid` int(19) NOT NULL,
  `instructionname` varchar(255) DEFAULT NULL,
  `tags` varchar(1) DEFAULT NULL,
  PRIMARY KEY (`instructionsid`)
) ENGINE=InnoDB DEFAULT CHARSET=utf8 COLLATE=utf8_general_ci]]></sql>
		</table>
		<table>
			<name>vtiger_instructionscf</name>
			<sql><![CDATA[CREATE TABLE `vtiger_instructionscf` (
  `instructionsid` int(19) NOT NULL,
  `cf_865` text DEFAULT NULL,
  PRIMARY KEY (`instructionsid`)
) ENGINE=InnoDB DEFAULT CHARSET=utf8 COLLATE=utf8_general_ci]]></sql>
		</table>
	</tables>
</schema>
