<?xml version='1.0'?>
<schema>
	<tables>
		<table>
			<name>vtiger_instructionsoldversions</name>
			<sql><![CDATA[CREATE TABLE `vtiger_instructionsoldversions` (
  `instructionsoldversionsid` int(19) NOT NULL,
  `instructionname` varchar(255) DEFAULT NULL,
  `instruction_id` varchar(100) DEFAULT NULL,
  PRIMARY KEY (`instructionsoldversionsid`)
) ENGINE=InnoDB DEFAULT CHARSET=utf8 COLLATE=utf8_general_ci]]></sql>
		</table>
		<table>
			<name>vtiger_instructionsoldversionscf</name>
			<sql><![CDATA[CREATE TABLE `vtiger_instructionsoldversionscf` (
  `instructionsoldversionsid` int(19) NOT NULL,
  `cf_869` text DEFAULT NULL,
  PRIMARY KEY (`instructionsoldversionsid`)
) ENGINE=InnoDB DEFAULT CHARSET=utf8 COLLATE=utf8_general_ci]]></sql>
		</table>
	</tables>
</schema>
