<?xml version='1.0'?>
<module>
<exporttime>2023-12-20 11:50:08</exporttime>
<name>Instructions_old_versions</name>
<label>Instructions_old_versions</label>
<parent>Tools</parent>
<dependencies>
<vtiger_version>7.5.0</vtiger_version>
</dependencies>
<tables>
<table>
<name>vtiger_instructions_old_versions</name>
<sql><![CDATA[CREATE TABLE `vtiger_instructions_old_versions` (
  `instructions_old_versionsid` int(19) NOT NULL,
  `name` varchar(255) DEFAULT NULL,
  PRIMARY KEY (`instructions_old_versionsid`)
) ENGINE=InnoDB DEFAULT CHARSET=utf8 COLLATE=utf8_general_ci]]></sql>
</table>
<table>
<name>vtiger_instructions_old_versionscf</name>
<sql><![CDATA[CREATE TABLE `vtiger_instructions_old_versionscf` (
  `instructions_old_versionsid` int(19) NOT NULL,
  `cf_863` text DEFAULT NULL,
  PRIMARY KEY (`instructions_old_versionsid`)
) ENGINE=InnoDB DEFAULT CHARSET=utf8 COLLATE=utf8_general_ci]]></sql>
</table>
</tables>
<blocks>
<block>
<label>LBL_INSTRUCTIONS_OLD_VERSIONS_INFORMATION</label>
<fields>
<field>
<fieldname>name</fieldname>
<uitype>2</uitype>
<columnname>name</columnname>
<tablename>vtiger_instructions_old_versions</tablename>
<generatedtype>1</generatedtype>
<fieldlabel>Name</fieldlabel>
<readonly>1</readonly>
<presence>2</presence>
<defaultvalue></defaultvalue>
<sequence>1</sequence>
<maximumlength>100</maximumlength>
<typeofdata>V~M</typeofdata>
<quickcreate>1</quickcreate>
<quickcreatesequence>0</quickcreatesequence>
<displaytype>1</displaytype>
<info_type>BAS</info_type>
<helpinfo><![CDATA[]]></helpinfo>
<masseditable>1</masseditable>
<summaryfield>0</summaryfield>
<entityidentifier>
<entityidfield>instructions_old_versionsid</entityidfield>
<entityidcolumn>instructions_old_versionsid</entityidcolumn>
</entityidentifier>
</field>
<field>
<fieldname>assigned_user_id</fieldname>
<uitype>53</uitype>
<columnname>smownerid</columnname>
<tablename>vtiger_crmentity</tablename>
<generatedtype>1</generatedtype>
<fieldlabel>Assigned To</fieldlabel>
<readonly>1</readonly>
<presence>2</presence>
<defaultvalue></defaultvalue>
<sequence>2</sequence>
<maximumlength>100</maximumlength>
<typeofdata>V~M</typeofdata>
<quickcreate>1</quickcreate>
<quickcreatesequence>0</quickcreatesequence>
<displaytype>1</displaytype>
<info_type>BAS</info_type>
<helpinfo><![CDATA[]]></helpinfo>
<masseditable>1</masseditable>
<summaryfield>0</summaryfield>
</field>
<field>
<fieldname>createdtime</fieldname>
<uitype>70</uitype>
<columnname>createdtime</columnname>
<tablename>vtiger_crmentity</tablename>
<generatedtype>1</generatedtype>
<fieldlabel>Created Time</fieldlabel>
<readonly>1</readonly>
<presence>2</presence>
<defaultvalue></defaultvalue>
<sequence>5</sequence>
<maximumlength>100</maximumlength>
<typeofdata>T~O</typeofdata>
<quickcreate>1</quickcreate>
<quickcreatesequence>0</quickcreatesequence>
<displaytype>2</displaytype>
<info_type>BAS</info_type>
<helpinfo><![CDATA[]]></helpinfo>
<masseditable>1</masseditable>
<summaryfield>0</summaryfield>
</field>
<field>
<fieldname>modifiedtime</fieldname>
<uitype>70</uitype>
<columnname>modifiedtime</columnname>
<tablename>vtiger_crmentity</tablename>
<generatedtype>1</generatedtype>
<fieldlabel>Modified Time</fieldlabel>
<readonly>1</readonly>
<presence>2</presence>
<defaultvalue></defaultvalue>
<sequence>4</sequence>
<maximumlength>100</maximumlength>
<typeofdata>T~O</typeofdata>
<quickcreate>1</quickcreate>
<quickcreatesequence>0</quickcreatesequence>
<displaytype>2</displaytype>
<info_type>BAS</info_type>
<helpinfo><![CDATA[]]></helpinfo>
<masseditable>1</masseditable>
<summaryfield>0</summaryfield>
</field>
<field>
<fieldname>cf_863</fieldname>
<uitype>21</uitype>
<columnname>cf_863</columnname>
<tablename>vtiger_instructions_old_versionscf</tablename>
<generatedtype>2</generatedtype>
<fieldlabel>Instructions</fieldlabel>
<readonly>1</readonly>
<presence>2</presence>
<defaultvalue></defaultvalue>
<sequence>3</sequence>
<maximumlength>100</maximumlength>
<typeofdata>V~M</typeofdata>
<quickcreate>2</quickcreate>
<quickcreatesequence>1</quickcreatesequence>
<displaytype>1</displaytype>
<info_type>BAS</info_type>
<helpinfo><![CDATA[]]></helpinfo>
<masseditable>1</masseditable>
<summaryfield>0</summaryfield>
</field>
</fields>
</block>
<block>
<label>LBL_CUSTOM_INFORMATION</label>
</block>
</blocks>
<customviews>
<customview>
<viewname>All</viewname>
<setdefault>true</setdefault>
<setmetrics>false</setmetrics>
<fields>
<field>
<fieldname>name</fieldname>
<columnindex>0</columnindex>
</field>
<field>
<fieldname>assigned_user_id</fieldname>
<columnindex>1</columnindex>
</field>
<field>
<fieldname>createdtime</fieldname>
<columnindex>2</columnindex>
</field>
</fields>
</customview>
</customviews>
<sharingaccess>
<default>public_readwritedelete</default>
</sharingaccess>
<actions>
<action>
<name><![CDATA[Import]]></name>
<status>enabled</status>
</action>
<action>
<name><![CDATA[Export]]></name>
<status>enabled</status>
</action>
<action>
<name><![CDATA[Merge]]></name>
<status>enabled</status>
</action>
</actions>
<crons>
</crons>
</module>
