<?xml version='1.0'?>
<module>
<exporttime>2023-12-27 13:17:50</exporttime>
<name>InstructionsOldVersions</name>
<label>InstructionsOldVersions</label>
<parent>Support</parent>
<dependencies>
<vtiger_version>7.5.0</vtiger_version>
</dependencies>
<tables>
<table>
<name>vtiger_instructionsoldversions</name>
<sql><![CDATA[CREATE TABLE `vtiger_instructionsoldversions` (
  `instructionsoldversionsid` int(19) NOT NULL,
  `instructionname` varchar(255) DEFAULT NULL,
  `instruction_id` varchar(100) DEFAULT NULL,
  PRIMARY KEY (`instructionsoldversionsid`)
) ENGINE=InnoDB DEFAULT CHARSET=utf8 COLLATE=utf8_general_ci]]></sql>
</table>
<table>
<name>vtiger_instructionsoldversionscf</name>
<sql><![CDATA[CREATE TABLE `vtiger_instructionsoldversionscf` (
  `instructionsoldversionsid` int(19) NOT NULL,
  `cf_869` text DEFAULT NULL,
  PRIMARY KEY (`instructionsoldversionsid`)
) ENGINE=InnoDB DEFAULT CHARSET=utf8 COLLATE=utf8_general_ci]]></sql>
</table>
</tables>
<blocks>
<block>
<label>LBL_INSTRUCTIONSOLDVERSIONS_INFORMATION</label>
<fields>
<field>
<fieldname>instructionname</fieldname>
<uitype>2</uitype>
<columnname>instructionname</columnname>
<tablename>vtiger_instructionsoldversions</tablename>
<generatedtype>1</generatedtype>
<fieldlabel>Instruction Name</fieldlabel>
<readonly>1</readonly>
<presence>2</presence>
<defaultvalue></defaultvalue>
<sequence>1</sequence>
<maximumlength>100</maximumlength>
<typeofdata>V~M</typeofdata>
<quickcreate>1</quickcreate>
<quickcreatesequence>0</quickcreatesequence>
<displaytype>1</displaytype>
<info_type>BAS</info_type>
<helpinfo><![CDATA[]]></helpinfo>
<masseditable>1</masseditable>
<summaryfield>0</summaryfield>
<entityidentifier>
<entityidfield>instructionsoldversionsid</entityidfield>
<entityidcolumn>instructionsoldversionsid</entityidcolumn>
</entityidentifier>
</field>
<field>
<fieldname>assigned_user_id</fieldname>
<uitype>53</uitype>
<columnname>smownerid</columnname>
<tablename>vtiger_crmentity</tablename>
<generatedtype>1</generatedtype>
<fieldlabel>Assigned To</fieldlabel>
<readonly>1</readonly>
<presence>2</presence>
<defaultvalue></defaultvalue>
<sequence>3</sequence>
<maximumlength>100</maximumlength>
<typeofdata>V~M</typeofdata>
<quickcreate>1</quickcreate>
<quickcreatesequence>0</quickcreatesequence>
<displaytype>1</displaytype>
<info_type>BAS</info_type>
<helpinfo><![CDATA[]]></helpinfo>
<masseditable>1</masseditable>
<summaryfield>0</summaryfield>
</field>
<field>
<fieldname>createdtime</fieldname>
<uitype>70</uitype>
<columnname>createdtime</columnname>
<tablename>vtiger_crmentity</tablename>
<generatedtype>1</generatedtype>
<fieldlabel>Created Time</fieldlabel>
<readonly>1</readonly>
<presence>2</presence>
<defaultvalue></defaultvalue>
<sequence>4</sequence>
<maximumlength>100</maximumlength>
<typeofdata>T~O</typeofdata>
<quickcreate>1</quickcreate>
<quickcreatesequence>0</quickcreatesequence>
<displaytype>2</displaytype>
<info_type>BAS</info_type>
<helpinfo><![CDATA[]]></helpinfo>
<masseditable>1</masseditable>
<summaryfield>0</summaryfield>
</field>
<field>
<fieldname>modifiedtime</fieldname>
<uitype>70</uitype>
<columnname>modifiedtime</columnname>
<tablename>vtiger_crmentity</tablename>
<generatedtype>1</generatedtype>
<fieldlabel>Modified Time</fieldlabel>
<readonly>1</readonly>
<presence>2</presence>
<defaultvalue></defaultvalue>
<sequence>5</sequence>
<maximumlength>100</maximumlength>
<typeofdata>T~O</typeofdata>
<quickcreate>1</quickcreate>
<quickcreatesequence>0</quickcreatesequence>
<displaytype>2</displaytype>
<info_type>BAS</info_type>
<helpinfo><![CDATA[]]></helpinfo>
<masseditable>1</masseditable>
<summaryfield>0</summaryfield>
</field>
<field>
<fieldname>createdby</fieldname>
<uitype>53</uitype>
<columnname>smcreatorid</columnname>
<tablename>vtiger_crmentity</tablename>
<generatedtype>1</generatedtype>
<fieldlabel>Created By</fieldlabel>
<readonly>1</readonly>
<presence>2</presence>
<defaultvalue></defaultvalue>
<sequence>6</sequence>
<maximumlength>100</maximumlength>
<typeofdata>V~O</typeofdata>
<quickcreate>1</quickcreate>
<quickcreatesequence>0</quickcreatesequence>
<displaytype>2</displaytype>
<info_type>BAS</info_type>
<helpinfo><![CDATA[]]></helpinfo>
<masseditable>1</masseditable>
<summaryfield>0</summaryfield>
</field>
<field>
<fieldname>modifiedby</fieldname>
<uitype>53</uitype>
<columnname>modifiedby</columnname>
<tablename>vtiger_crmentity</tablename>
<generatedtype>1</generatedtype>
<fieldlabel>Modified By</fieldlabel>
<readonly>1</readonly>
<presence>2</presence>
<defaultvalue></defaultvalue>
<sequence>7</sequence>
<maximumlength>100</maximumlength>
<typeofdata>V~O</typeofdata>
<quickcreate>1</quickcreate>
<quickcreatesequence>0</quickcreatesequence>
<displaytype>2</displaytype>
<info_type>BAS</info_type>
<helpinfo><![CDATA[]]></helpinfo>
<masseditable>1</masseditable>
<summaryfield>0</summaryfield>
</field>
<field>
<fieldname>cf_869</fieldname>
<uitype>21</uitype>
<columnname>cf_869</columnname>
<tablename>vtiger_instructionsoldversionscf</tablename>
<generatedtype>2</generatedtype>
<fieldlabel>Contents of Instruction</fieldlabel>
<readonly>1</readonly>
<presence>2</presence>
<defaultvalue></defaultvalue>
<sequence>2</sequence>
<maximumlength>100</maximumlength>
<typeofdata>V~M</typeofdata>
<quickcreate>2</quickcreate>
<quickcreatesequence>1</quickcreatesequence>
<displaytype>1</displaytype>
<info_type>BAS</info_type>
<helpinfo><![CDATA[]]></helpinfo>
<masseditable>1</masseditable>
<summaryfield>0</summaryfield>
</field>
</fields>
</block>
<block>
<label>LBL_CUSTOM_INFORMATION</label>
</block>
<block>
<label>Additional Fields</label>
<fields>
<field>
<fieldname>originalinstruction</fieldname>
<uitype>10</uitype>
<columnname>instruction_id</columnname>
<tablename>vtiger_instructionsoldversions</tablename>
<generatedtype>1</generatedtype>
<fieldlabel>Original Instruction</fieldlabel>
<readonly>1</readonly>
<presence>2</presence>
<defaultvalue></defaultvalue>
<sequence>1</sequence>
<maximumlength>100</maximumlength>
<typeofdata>V~O</typeofdata>
<quickcreate>1</quickcreate>
<quickcreatesequence>0</quickcreatesequence>
<displaytype>1</displaytype>
<info_type>BAS</info_type>
<helpinfo><![CDATA[]]></helpinfo>
<masseditable>1</masseditable>
<summaryfield>0</summaryfield>
<relatedmodules>
<relatedmodule>Instructions</relatedmodule>
</relatedmodules>
</field>
</fields>
</block>
</blocks>
<customviews>
<customview>
<viewname>All</viewname>
<setdefault>true</setdefault>
<setmetrics>false</setmetrics>
<fields>
<field>
<fieldname>instructionname</fieldname>
<columnindex>0</columnindex>
</field>
<field>
<fieldname>assigned_user_id</fieldname>
<columnindex>1</columnindex>
</field>
<field>
<fieldname>createdtime</fieldname>
<columnindex>2</columnindex>
</field>
<field>
<fieldname>modifiedby</fieldname>
<columnindex>3</columnindex>
</field>
<field>
<fieldname>createdby</fieldname>
<columnindex>4</columnindex>
</field>
</fields>
</customview>
</customviews>
<sharingaccess>
<default>public_readwritedelete</default>
</sharingaccess>
<actions>
<action>
<name><![CDATA[Import]]></name>
<status>enabled</status>
</action>
<action>
<name><![CDATA[Export]]></name>
<status>enabled</status>
</action>
<action>
<name><![CDATA[Merge]]></name>
<status>enabled</status>
</action>
</actions>
<customlinks>
<customlink>
<linktype>DETAILVIEWBASIC</linktype>
<linklabel>View History</linklabel>
<linkurl><![CDATA[javascript:ModTrackerCommon.showhistory('$RECORD$')]]></linkurl>
<linkicon><![CDATA[]]></linkicon>
<sequence>0</sequence>
<handler_path><![CDATA[modules/ModTracker/ModTracker.php]]></handler_path>
<handler_class><![CDATA[ModTracker]]></handler_class>
<handler><![CDATA[isViewPermitted]]></handler>
</customlink>
</customlinks>
<crons>
</crons>
</module>
